{
  "epochs_1": {
    "mean": 0.15,
    "std": 0.08164965809277261,
    "time_per_eval": 4.244882186253865
  },
  "epochs_3": {
    "mean": 0.25,
    "std": 0.0816496580927726,
    "time_per_eval": 2.6896543502807617
  },
  "epochs_5": {
    "mean": 0.13333333333333333,
    "std": 0.1247219128924647,
    "time_per_eval": 2.873204151789347
  },
  "epochs_10": {
    "mean": 0.21666666666666667,
    "std": 0.047140452079103175,
    "time_per_eval": 3.2115325927734375
  }
}