{
  "config": {
    "dataset": "ai2d",
    "num_shots": 16,
    "train_epochs": 3,
    "seeds": [
      42,
      123,
      456
    ]
  },
  "fairness_metrics": {
    "overall_mean": 0.24833333333333335,
    "overall_std": 0.05612486080160913,
    "max_diff": 0.13333333333333336,
    "fairness_rating": "EXCELLENT"
  },
  "architecture_types": {
    "attention_based": {
      "variants": {
        "attention_simple": {
          "scores": [
            0.35,
            0.1,
            0.05
          ],
          "mean": 0.16666666666666666,
          "std": 0.1312334645668635,
          "variance": 0.01722222222222222,
          "mean_time": 4.692422072092692
        },
        "attention_cross": {
          "scores": [
            0.2,
            0.15,
            0.3
          ],
          "mean": 0.21666666666666665,
          "std": 0.06236095644623235,
          "variance": 0.0038888888888888883,
          "mean_time": 2.793686310450236
        }
      },
      "type_mean": 0.19166666666666665,
      "type_std": 0.024999999999999994,
      "type_variance": 0.0006249999999999997
    },
    "conv_based": {
      "variants": {
        "conv_fusion": {
          "scores": [
            0.3,
            0.1,
            0.3
          ],
          "mean": 0.2333333333333333,
          "std": 0.09428090415820632,
          "variance": 0.008888888888888887,
          "mean_time": 2.66556978225708
        },
        "conv_depthwise": {
          "scores": [
            0.25,
            0.2,
            0.3
          ],
          "mean": 0.25,
          "std": 0.04082482904638629,
          "variance": 0.001666666666666666,
          "mean_time": 2.871344486872355
        }
      },
      "type_mean": 0.24166666666666664,
      "type_std": 0.008333333333333345,
      "type_variance": 6.944444444444465e-05
    },
    "transformer_based": {
      "variants": {
        "transformer_fusion": {
          "scores": [
            0.35,
            0.25,
            0.35
          ],
          "mean": 0.31666666666666665,
          "std": 0.04714045207910316,
          "variance": 0.0022222222222222214,
          "mean_time": 2.7484331130981445
        },
        "transformer_cross": {
          "scores": [
            0.3,
            0.35,
            0.25
          ],
          "mean": 0.3,
          "std": 0.04082482904638629,
          "variance": 0.001666666666666666,
          "mean_time": 2.964947541554769
        }
      },
      "type_mean": 0.30833333333333335,
      "type_std": 0.008333333333333331,
      "type_variance": 6.944444444444442e-05
    },
    "mlp_based": {
      "variants": {
        "mlp_simple": {
          "scores": [
            0.2,
            0.4,
            0.45
          ],
          "mean": 0.35000000000000003,
          "std": 0.10801234497346433,
          "variance": 0.011666666666666667,
          "mean_time": 3.0470438798268638
        },
        "mlp_deep": {
          "scores": [
            0.3,
            0.25,
            0.3
          ],
          "mean": 0.2833333333333334,
          "std": 0.02357022603955158,
          "variance": 0.0005555555555555553,
          "mean_time": 2.7003132502237954
        }
      },
      "type_mean": 0.3166666666666667,
      "type_std": 0.033333333333333326,
      "type_variance": 0.0011111111111111107
    },
    "hybrid": {
      "variants": {
        "hybrid_attn_conv": {
          "scores": [
            0.1,
            0.1,
            0.1
          ],
          "mean": 0.10000000000000002,
          "std": 1.3877787807814457e-17,
          "variance": 1.925929944387236e-34,
          "mean_time": 2.8692758083343506
        },
        "hybrid_transformer_mlp": {
          "scores": [
            0.3,
            0.2,
            0.3
          ],
          "mean": 0.26666666666666666,
          "std": 0.04714045207910316,
          "variance": 0.0022222222222222214,
          "mean_time": 2.8315932750701904
        }
      },
      "type_mean": 0.18333333333333335,
      "type_std": 0.08333333333333331,
      "type_variance": 0.006944444444444442
    }
  }
}